TargetPath,URL,TotalBytes,StartTime,EndTime,MimeType
C:\Users\10506\Downloads\nemo_darwin_amd64.tar,https://github.com/hanc00l/nemo_go/releases/tag/v2.9.4,147443053,2023-07-28T12:32:45.227195+08:00,2023-07-28T12:33:00.3598+08:00,application/x-tar
C:\Users\10506\Downloads\nemo_linux_amd64.tar,https://github.com/hanc00l/nemo_go/releases/tag/v2.9.4,144149864,2023-07-28T12:33:52.049901+08:00,2023-07-28T12:37:49.180756+08:00,application/x-tar
C:\Users\10506\Downloads\go1.19.10.windows-amd64.msi,https://go.dev/dl/,141795328,2023-06-23T06:48:44.819773+08:00,2023-06-23T06:49:01.465273+08:00,application/octet-stream
C:\Users\10506\Downloads\GitHubDesktopSetup-x64.exe,https://desktop.github.com/,141457696,2023-08-13T02:05:19.818255+08:00,2023-08-13T02:06:55.938746+08:00,application/x-msdownload
C:\Users\10506\Downloads\setup_1036.exe,http://www.apkeditor.cn/,81906337,2023-07-23T10:58:48.498199+08:00,2023-07-23T10:59:41.478887+08:00,application/x-msdownload
C:\Users\10506\Downloads\vulhub-master.zip,https://github.com/vulhub/vulhub,76274831,2023-06-23T04:15:34.174845+08:00,2023-06-23T04:15:44.032981+08:00,application/x-zip-compressed
C:\Users\10506\Downloads\Aliyun-.AK.Tools-V1.3.exe,https://github.com/mrknow001/aliyun-accesskey-Tools/releases/tag/v1.3,59246635,2023-07-26T13:55:41.256545+08:00,2023-07-26T13:55:51.000522+08:00,application/x-msdownload
C:\Users\10506\Downloads\ventoy-1.0.93-windows.zip,https://github.com/ventoy/Ventoy/releases,16667342,2023-06-29T12:46:20.469401+08:00,2023-06-29T12:46:24.479595+08:00,application/x-zip-compressed
C:\Users\10506\Downloads\cf_v0.5.0_windows_amd64.zip,https://github.com/teamssix/cf/releases/tag/v0.5.0,11927522,2023-07-26T15:46:35.397538+08:00,2023-07-26T15:46:42.566537+08:00,application/x-zip-compressed
C:\Users\10506\Downloads\LaZagne.exe,https://github.com/AlessandroZ/LaZagne/releases/tag/v2.4.5,11849245,2023-06-23T11:34:43.761806+08:00,2023-06-23T11:35:32.388576+08:00,application/x-msdownload
C:\Users\10506\Downloads\frp_0.51.0_darwin_amd64.tar.gz,https://github.com/fatedier/frp/releases/tag/v0.51.0,11683478,2023-07-10T14:40:13.856558+08:00,2023-07-10T14:40:24.194063+08:00,application/octet-stream
C:\Users\10506\Downloads\searchall64.exe,https://github.com/Naturehi666/searchall/releases/tag/search,7393280,2023-08-25T10:51:59.330902+08:00,2023-08-25T10:52:02.504619+08:00,application/x-msdownload
C:\Users\10506\Downloads\ChatGPT_1.0.0_windows_x86_64.msi,https://github.com/lencx/ChatGPT/releases/tag/v1.0.0,6438912,2023-07-17T01:51:23.015602+08:00,2023-07-17T01:51:26.532136+08:00,application/octet-stream
C:\Users\10506\Downloads\windows_amd64_server.tar.gz,https://github.com/ehang-io/nps/releases/tag/v0.26.10,5734721,2023-06-26T13:21:10.318275+08:00,2023-06-26T13:21:13.688318+08:00,application/octet-stream
C:\Users\10506\Downloads\searchall32 (1).exe,https://github.com/Naturehi666/searchall/releases/download/search/searchall32.exe,4982784,2023-08-18T13:43:49.450471+08:00,2023-08-18T13:44:28.77765+08:00,application/x-msdownload
C:\Users\10506\Downloads\searchall32.exe,https://github.com/Naturehi666/searchall/releases/download/search/searchall32.exe,4982784,2023-08-18T13:42:17.218992+08:00,2023-08-18T13:43:09.884635+08:00,application/x-msdownload
C:\Users\10506\Downloads\searchall32 (1).exe,https://github.com/Naturehi666/searchall/releases/download/search/searchall32.exe,4982784,2023-08-18T13:42:48.590675+08:00,1601-01-01T00:00:00+08:00,application/x-msdownload
C:\Users\10506\Downloads\FinalShellGetPass.exe,https://github.com/MaskCyberSecurityTeam/FinalShellGetPass/releases/tag/v1.0.0,4228096,2023-06-23T09:44:56.219775+08:00,2023-06-23T09:45:00.352+08:00,application/x-msdownload
C:\Users\10506\Downloads\ARL-Finger-ADD-main.zip,https://github.com/loecho-sec/ARL-Finger-ADD,3983803,2023-08-06T14:18:32.38157+08:00,2023-08-06T14:18:34.559965+08:00,application/x-zip-compressed
C:\Users\10506\Downloads\searchall3.2.exe,https://github.com/Naturehi666/naturehi/releases/tag/search,3639808,2023-06-21T07:26:00.033628+08:00,2023-06-21T07:26:03.507741+08:00,application/x-msdownload
C:\Users\10506\Downloads\searchall3.2,https://github.com/Naturehi666/naturehi/releases/tag/search,3511137,2023-06-24T04:04:56.98811+08:00,2023-06-24T04:04:59.396283+08:00,application/octet-stream
C:\Users\10506\Downloads\go-find_windows.exe,https://github.com/niudaii/go-find/releases/tag/v1.3,3484672,2023-08-23T14:29:44.783339+08:00,2023-08-23T14:29:53.518432+08:00,application/x-msdownload
C:\Users\10506\Downloads\hack-browser-data-windows-64bit (1).zip,https://github.com/moonD4rk/HackBrowserData/releases/tag/v0.4.4,3132378,2023-08-23T14:40:19.757205+08:00,2023-08-23T14:40:46.051958+08:00,application/x-zip-compressed
C:\Users\10506\Downloads\hack-browser-data-windows-64bit.zip,https://github.com/moonD4rk/HackBrowserData/releases/tag/v0.4.4,3132378,2023-07-02T11:28:01.88503+08:00,2023-07-02T11:29:14.995444+08:00,application/x-zip-compressed
C:\Users\10506\Downloads\网站系统(www.bjfsyy.com)-渗透测试报告(P1.0)-20230318.docx,https://10.13.6.8/,3000661,2023-05-21T12:56:46.43952+08:00,2023-05-21T12:56:54.638371+08:00,application/vnd.openxmlformats-officedocument.wordprocessingml.document
C:\Users\10506\Downloads\winzip27-p003.exe,https://google-chrome-beta.en.softonic.com/,2928928,2023-07-11T14:02:45.055071+08:00,2023-07-11T14:02:50.742945+08:00,application/x-msdownload
C:\Users\10506\Downloads\captcha-killer-modified-0.24-jdk8.jar,https://github.com/f0ng/captcha-killer-modified/releases/tag/0.24,2758671,2023-06-28T13:06:27.984472+08:00,2023-06-28T13:06:31.172466+08:00,application/octet-stream
C:\Users\10506\Downloads\captcha-killer-modified-0.24-jdk11.jar,https://github.com/f0ng/captcha-killer-modified/releases/tag/0.24,2758422,2023-06-28T13:06:31.444311+08:00,2023-06-28T13:06:33.818654+08:00,application/octet-stream
C:\Users\10506\Downloads\windows (1).zip,https://github.com/Ggasdfg321/SmallProxyPool/releases/tag/v1.0,2536222,2023-05-30T06:49:03.992318+08:00,2023-05-30T06:49:06.297859+08:00,application/x-zip-compressed
C:\Users\10506\Downloads\HackBrowserData-master (2).zip,https://github.com/moonD4rk/HackBrowserData,2217516,2023-08-29T13:36:11.953282+08:00,2023-08-29T13:36:13.745695+08:00,application/x-zip-compressed
C:\Users\10506\Downloads\HackBrowserData-master (1).zip,https://github.com/moonD4rk/HackBrowserData,2217516,2023-08-25T10:30:34.806856+08:00,2023-08-25T10:30:37.364574+08:00,application/x-zip-compressed
C:\Users\10506\Downloads\HackBrowserData-dev.zip,https://github.com/moonD4rk/HackBrowserData/tree/dev,2217141,2023-08-25T10:49:29.660362+08:00,2023-08-25T10:49:33.020817+08:00,application/x-zip-compressed
C:\Users\10506\Downloads\HackBrowserData-master.zip,https://github.com/moonD4rk/HackBrowserData,2200632,2023-07-02T11:27:49.831975+08:00,2023-07-02T11:28:02.881023+08:00,application/x-zip-compressed
C:\Users\10506\Desktop\kcwimyja.jpg,https://imagec.kafanpc.com/converter/ouf/775/t16581157643448524800000140610kcwimyja/dest/kcwimyja.jpg,1104807,2023-05-15T14:24:10.098511+08:00,2023-05-15T14:24:13.609172+08:00,image/jpeg
C:\Users\10506\Downloads\SharpDecryptPwd-main.zip,https://github.com/RowTeam/SharpDecryptPwd,999621,2023-08-19T07:06:07.565247+08:00,2023-08-19T07:06:09.990495+08:00,application/x-zip-compressed
C:\Users\10506\Downloads\食品抽检-食品安全抽检监测专家管理系统(spaqjg.e-cqs.cn)-渗透测试报告(P1.0)-20230517.docx,https://10.13.6.8/,780705,2023-05-19T13:44:07.661921+08:00,2023-05-19T13:44:15.011435+08:00,application/vnd.openxmlformats-officedocument.wordprocessingml.document
C:\Users\10506\Downloads\GithubDesktop.7z,https://github.com/robotze/GithubDesktopZhTool/releases/tag/3.2.9,764410,2023-08-24T10:33:53.059394+08:00,2023-08-24T10:33:54.941929+08:00,application/octet-stream
C:\Users\10506\Downloads\特殊食品验证评价技术机构备案工作管理信息系统（新）(spaqjg.e-cqs.cn_foodorgrd_web)-渗透测试报告(P1.0)-20230517.docx,https://10.13.6.8/,664754,2023-05-19T13:43:58.480976+08:00,2023-05-19T13:44:05.892181+08:00,application/vnd.openxmlformats-officedocument.wordprocessingml.document
C:\Users\10506\Downloads\首都之窗-首都之窗主站(www.beijing.gov.cn)-渗透测试报告(P4.0)-20230515.docx,https://10.13.6.8/,498867,2023-05-19T13:41:03.19322+08:00,2023-05-19T13:41:10.759148+08:00,application/vnd.openxmlformats-officedocument.wordprocessingml.document
C:\Users\10506\Downloads\首都之窗-首都之窗主站依申请界面(www.beijing.gov.cn_ysq-web_a)-渗透测试报告(P1.0)-20230515.docx,https://10.13.6.8/,454051,2023-05-19T13:41:10.624151+08:00,2023-05-19T13:41:18.026045+08:00,application/vnd.openxmlformats-officedocument.wordprocessingml.document
C:\Users\10506\Downloads\首都之窗-首都之窗主站依申请查询状态界面(www.beijing.gov.cn_ysq-web_a)-渗透测试报告(P1.0)-20230515.docx,https://10.13.6.8/,454029,2023-05-19T13:41:07.013979+08:00,2023-05-19T13:41:14.316633+08:00,application/vnd.openxmlformats-officedocument.wordprocessingml.document
C:\Users\10506\Downloads\GetPwd-master.zip,https://github.com/sf197/GetPwd,331345,2023-07-29T10:12:00.745432+08:00,2023-07-29T10:12:02.128944+08:00,application/x-zip-compressed
C:\Users\10506\Desktop\图片.png,https://www.yuque.com/ziranhai/kgpx9h/kho5usee2wugecm2,261674,2023-06-29T12:26:56.392275+08:00,2023-06-29T12:26:59.117713+08:00,image/png
C:\Users\10506\Downloads\北京结算官网(www.bjdjjs.com)-渗透测试报告(P1.0)-20230519.docx,https://10.13.6.8/,235183,2023-05-19T13:46:45.104067+08:00,2023-05-19T13:46:52.286464+08:00,application/vnd.openxmlformats-officedocument.wordprocessingml.document
C:\Users\10506\Downloads\CVE-2023-21839-master.zip,https://github.com/4ra1n/CVE-2023-21839,228273,2023-06-23T04:26:39.415336+08:00,2023-06-23T04:26:40.608999+08:00,application/x-zip-compressed
C:\Users\10506\Downloads\dirsearch-0.4.3.zip,https://github.com/maurosoria/dirsearch/releases/tag/v0.4.3,203942,2023-07-27T14:11:25.209362+08:00,2023-07-27T14:11:32.736884+08:00,application/x-zip-compressed
C:\Users\10506\Downloads\北交金科金融信息服务有限公司官网(www.fintecx.com.cn)-渗透测试报告(P1.0)-20230519.docx,https://10.13.6.8/,155357,2023-05-19T13:46:52.934006+08:00,2023-05-19T13:47:00.100673+08:00,application/vnd.openxmlformats-officedocument.wordprocessingml.document
C:\Users\10506\Downloads\北京产权交易所西南频道(www.swcbex.com)-渗透测试报告(P1.0)-20230519.docx,https://10.13.6.8/,155241,2023-05-19T13:46:56.406037+08:00,2023-05-19T13:47:03.565325+08:00,application/vnd.openxmlformats-officedocument.wordprocessingml.document
C:\Users\10506\Desktop\图片.png,https://www.yuque.com/ziranhai/kgpx9h/kho5usee2wugecm2,125615,2023-06-29T12:24:36.177671+08:00,2023-06-29T12:24:39.712728+08:00,image/png
,https://www.yuque.com/ziranhai/kgpx9h/iti9pbmyc5bzx00h,113830,2023-06-28T12:54:35.269251+08:00,1601-01-01T00:00:00+08:00,image/png
C:\Users\10506\Downloads\苏佳伟.pdf,https://www.wondercv.com/cvs/qqAgsFYU/editor,89102,2023-05-21T14:42:08.943279+08:00,2023-05-21T14:42:09.442402+08:00,application/pdf
C:\Users\10506\Downloads\3086329569_1691850669_3_1.xls,https://mp.weixin.qq.com/misc/appmsganalysis?action=all&token=1798315973&lang=zh_CN,19968,2023-08-12T14:31:09.170178+08:00,2023-08-12T14:31:14.240984+08:00,application/vnd.ms-excel
C:\Users\10506\Downloads\3086329569_1691850674_3_1.xls,https://mp.weixin.qq.com/misc/appmsganalysis?action=all&token=1798315973&lang=zh_CN,19968,2023-08-12T14:31:14.806559+08:00,2023-08-12T14:31:15.146307+08:00,application/vnd.ms-excel
C:\Users\10506\Downloads\netspy-main.zip,https://github.com/shmilylty/netspy,18208,2023-07-12T13:40:57.533308+08:00,2023-07-12T13:40:58.735917+08:00,application/x-zip-compressed
C:\Users\10506\Downloads\go-rawcopy-master.zip,https://github.com/kmahyyg/go-rawcopy,17644,2023-08-29T10:31:46.441836+08:00,2023-08-29T10:31:48.241407+08:00,application/x-zip-compressed
C:\Users\10506\Downloads\FinalShell-Decoder.jar,https://github.com/passer-W/FinalShell-Decoder/releases/tag/V1.0,14489,2023-06-23T09:42:06.335836+08:00,2023-06-23T09:42:07.448486+08:00,application/octet-stream
C:\Users\10506\Downloads\SharpXDecrypt.exe,https://github.com/JDArmy/SharpXDecrypt/releases/tag/v0.1.4,11264,2023-07-27T11:52:24.469+08:00,1601-01-01T00:00:00+08:00,application/x-msdownload
C:\Users\10506\Downloads\SharpXDecrypt (1).exe,https://github.com/JDArmy/SharpXDecrypt/releases/tag/v0.1.4,11264,2023-07-27T11:52:44.546332+08:00,2023-07-27T11:52:53.106437+08:00,application/x-msdownload
C:\Users\10506\Downloads\SharpWxDump-master.zip,https://github.com/AdminTest0/SharpWxDump,8245,2023-06-26T12:58:54.899293+08:00,2023-06-26T12:58:55.927712+08:00,application/x-zip-compressed
C:\Users\10506\Downloads\SharpXDecrypt-main.zip,https://github.com/JDArmy/SharpXDecrypt/,6335,2023-07-29T10:25:39.959612+08:00,2023-07-29T10:25:40.931906+08:00,application/x-zip-compressed
C:\Users\10506\Downloads\SharpXDecrypt-0.1.4.zip,https://github.com/JDArmy/SharpXDecrypt/releases/tag/v0.1.4,6174,2023-07-25T14:11:01.856854+08:00,2023-07-25T14:11:04.355573+08:00,application/x-zip-compressed
C:\Users\10506\Downloads\docker.zip,https://github.com/TophantTechnology/ARL/releases/tag/v2.5.5,4721,2023-08-06T13:32:34.893027+08:00,2023-08-06T13:32:36.041372+08:00,application/x-zip-compressed
C:\Users\10506\Downloads\README.md,https://github.com/Naturehi666/searchall/blob/main/README.md,3491,2023-08-24T10:41:19.558676+08:00,2023-08-24T10:41:20.550667+08:00,text/plain
