ID,Name,Type,URL,DateAdded
31,uknowsec/SharpToolsAggressor: 内网渗透中常用的c#程序整合成cs脚本，直接内存加载。持续更新~,url,https://github.com/uknowsec/SharpToolsAggressor,2023-08-19T10:29:47.874105+08:00
29,Be-true-to-yourself/HVVault: 梳理【护网高利用率POC】并集成Nuclei模板仓库，针对解决网上同一资产漏洞一键检测工具参次不齐问题。,url,https://github.com/Be-true-to-yourself/HVVault,2023-08-17T14:34:52.606951+08:00
27,4K – 阿里云盘吧,url,https://www.alipanba.com/tag/4k,2023-07-18T13:18:14.681783+08:00
25,shmilylty/netspy: netspy是一款快速探测内网可达网段工具（深信服深蓝实验室天威战队强力驱动）,url,https://github.com/shmilylty/netspy,2023-07-12T13:37:04.758487+08:00
23,HyperSine · GitHub,url,https://github.com/HyperSine,2023-06-23T11:43:20.710116+08:00
21,"长风渡 [2023][更14] 阿里云盘,百度网盘全集在线看1080P,MP4(百度,阿里,迅雷,夸克,UC云盘)-校长影视",url,https://xzyshd.com/dsj/18492.html,2023-06-22T15:07:07.358211+08:00
20,阿里云盘分享,url,https://www.aliyundrive.com/s/oFz9mT6Qsx8,2023-06-22T15:07:04.04596+08:00
19,ChatGPT,url,https://www.aitegpt.com/,2023-06-22T14:11:44.126637+08:00
17,微信公众平台,url,https://www.baidu.com/link?url=kzAlBlifxBm-LOCtDBrsQDWKv-08rxioIhUqyb2oIn3W_Lc-F6WG9kg5KWDC7XS1&wd=&eqid=8a68cd4b000d19b00000000364906985,2023-06-19T14:43:19.500682+08:00
15,图文排版 H5 - 秀米XIUMI,url,https://xiumi.us/studio/v5#/paper/for/new/cube/0,2023-01-10T15:11:18.898731+08:00
13,工作台 · 语雀,url,https://www.yuque.com/dashboard,2022-11-13T12:11:01.752991+08:00
11,Fireboy And Watergirl 4 Crystal Temple - Gamesso.cool has many games to relax and feel happy,url,https://www.gamesso.cool/gamesso/play/fireboyandwatergirl4crystaltemple/index.html?from=games,2022-08-26T13:48:52.939952+08:00
10,必应,url,https://www.bing.com/,2022-08-26T09:28:38.847109+08:00
8,翻译,url,https://translate.google.com/,2022-08-26T09:23:33.609267+08:00
7,地图,url,https://maps.google.com/,2022-08-26T09:23:27.89417+08:00
6,YouTube,url,https://youtube.com/,2022-08-26T09:23:27.893855+08:00
5,Gmail,url,https://accounts.google.com/b/0/AddMailService,2022-08-26T09:23:27.893239+08:00
3,移动设备书签,folder,,2022-08-26T09:23:15.377955+08:00
2,其他书签,folder,,2022-08-26T09:23:15.377952+08:00
1,书签栏,folder,,2022-08-26T09:23:15.377951+08:00
